user_id,username,first_name,last_name,gender,age,track_1,track_2,track_3,track_4,track_5,track_6,track_7,track_8,track_9,track_10,track_11,track_12,track_13,track_14,track_15,track_16,track_17,track_18,track_19,track_20,track_21,track_22,track_23,track_24,track_25,track_26,track_27,track_28,track_29,track_30
88255543,axsel,AV_mID,,Мужской,25-34,1,3,3,3,1,2,4,1,1,1,1,3,3,1,2,2,4,1,4,1,4,1,2,1,1,1,1,3,2,1
7803352781,vlnishp,Vlad,,Мужской,25-34,4,4,4,3,4,4,3,5,5,5,1,5,3,5,5,4,3,5,3,4,3,3,3,1,2,1,3,4,4,5
869975528,,Ж️,,Женский,25-34,5,1,5,4,4,1,5,3,5,1,5,4,3,1,3,1,2,1,5,2,5,1,5,3,3,1,5,1,5,4
5280245886,,Елена,Палуха,Женский,45-54,3,2,3,2,5,4,4,3,5,4,3,2,2,4,2,2,5,4,3,4,3,4,5,3,3,1,5,1,3,1
7886921547,,Светлана,,Женский,35-44,4,2,1,2,3,3,5,3,4,2,3,3,3,3,4,3,3,4,4,2,4,2,4,3,4,3,1,5,1,5
7496501753,,Инна,Малаш,Женский,55+,3,3,3,3,4,3,5,4,3,2,1,3,1,3,5,2,4,3,4,1,3,2,4,3,2,3,2,3,4,3
380645553,JuliaTaliuk,Юлия,Талюк,Женский,35-44,5,5,4,2,3,1,1,3,5,5,1,2,1,4,2,4,1,5,1,5,5,3,5,3,3,3,4,1,2,5
6645343909,honda0717,МIV,,Женский,35-44,4,4,4,4,3,3,5,5,4,4,4,4,4,4,5,2,5,5,5,2,3,5,3,5,5,2,5,2,5,4
1110319569,Oktyabr1986,Юлия,,Женский,35-44,4,5,4,5,3,4,5,5,5,5,3,4,4,5,3,5,4,5,3,4,4,5,5,5,3,4,3,4,4,5
5630182026,soloorha,Solo,,Женский,45-54,5,5,4,4,3,5,3,1,3,5,3,4,5,3,4,3,2,4,4,3,3,3,2,1,4,3,4,3,3,4
919920691,AlinaAllwrite,Аліна,,Женский,25-34,5,4,3,4,3,3,4,4,4,4,4,3,3,4,3,3,3,4,4,4,3,3,5,2,2,2,5,1,3,4
678488513,veronikage,Вероника,Вероника,Женский,25-34,3,4,4,4,4,3,3,3,5,5,4,3,3,4,3,5,3,5,3,4,5,3,5,3,3,3,5,4,4,5
5203581449,,Танюшка,,Женский,45-54,4,4,4,4,4,4,4,5,4,4,4,4,4,4,5,4,4,4,4,4,4,4,5,4,4,4,4,4,4,3
5304038215,,Ольга,,Женский,35-44,2,2,4,2,4,3,3,2,3,2,4,4,4,2,4,4,3,2,3,3,3,4,5,3,4,3,3,3,3,3
399523999,Winnie_the_Pooh666,Солнышко,,Женский,45-54,4,3,2,4,4,5,3,3,4,4,4,5,4,3,3,4,2,4,4,3,3,5,5,3,3,3,2,4,3,4
1169612306,Marina_Yurko777,Marina,Yurko 🇧🇾,Женский,35-44,2,4,1,1,4,4,1,1,4,4,1,1,1,4,5,5,3,5,1,2,4,1,5,1,3,3,3,4,1,1
1062335875,,Оля,,Женский,35-44,4,4,4,5,5,4,3,4,5,4,3,4,3,4,5,2,4,4,3,4,4,4,4,4,4,4,5,5,4,1
886823638,,Tati,,Женский,45-54,3,3,4,5,4,4,4,5,4,3,3,3,4,4,4,5,4,3,4,3,4,1,5,5,3,4,3,4,3,5
7831374377,,Татьяна,,Женский,35-44,3,4,3,5,5,1,4,4,4,3,4,4,3,3,5,3,4,3,5,4,5,2,5,3,4,4,4,3,4,4
927421379,iamburr,Dasha,B.,Женский,до 24,4,4,3,4,1,1,1,4,5,4,4,3,1,4,1,3,3,4,1,3,4,3,1,1,1,1,4,4,1,5
1744850466,MVV74,Мудрая,Марина,Женский,45-54,3,3,4,3,4,3,5,3,5,3,4,1,4,1,4,5,5,2,5,3,4,1,4,1,4,1,3,3,4,4
663502884,asotAvb,Alexei,,Мужской,25-34,3,5,5,4,1,1,5,4,4,4,1,3,4,3,4,4,2,1,5,4,5,3,5,3,4,3,4,3,4,5
1251990128,,Nadezhda,,Женский,45-54,4,4,3,3,3,4,4,3,2,4,3,3,3,3,4,4,5,4,3,3,3,4,3,3,4,3,4,4,4,3
5934361839,,Татьяна,,Женский,45-54,4,4,3,4,3,4,1,2,5,4,3,3,1,4,4,4,4,4,1,4,4,3,4,2,3,3,4,4,4,1
1396795782,yulyahhh,юля,,Женский,до 24,5,5,3,5,5,4,5,5,5,3,5,4,3,2,5,5,1,5,4,4,4,1,1,4,4,1,5,1,1,5
5311753701,,Элиза,Бет,Женский,45-54,4,4,4,3,5,3,5,4,4,4,3,3,4,3,5,3,4,4,3,3,4,3,5,4,3,4,3,4,3,5
709599626,svetakashura,Svetlana,Petrova,Женский,45-54,5,5,4,4,5,4,3,4,3,4,5,3,2,5,4,4,5,5,3,4,1,4,1,1,3,3,5,4,1,3
1180412321,slywxx,Настя,,Женский,до 24,3,5,4,2,3,1,5,5,1,1,1,4,5,2,5,1,4,5,3,1,3,1,3,3,5,4,3,2,5,3
940710114,,Анастасия,,Женский,35-44,1,1,3,1,4,1,5,2,5,1,3,2,2,1,2,2,2,3,5,1,4,1,3,3,3,4,2,1,2,4
7025614814,,Наталия,,Женский,45-54,3,4,4,3,4,4,4,1,3,4,3,4,4,4,4,5,4,4,3,4,4,4,4,1,3,3,4,4,4,3
505630753,AlexNov1987,Алексей,Новиков,Мужской,35-44,3,1,4,1,3,1,4,3,4,1,2,1,2,1,3,1,5,1,3,1,1,3,1,2,3,2,1,3,1,1
1047032212,innarashkevich,Инна,,Женский,55+,5,4,4,4,4,3,3,4,4,4,3,4,4,4,4,3,4,4,4,4,4,3,4,3,4,3,4,3,3,4
782069314,Drrobovik,$ergio,,Мужской,25-34,4,3,3,3,3,2,4,3,4,3,3,4,2,3,3,3,2,3,5,4,4,1,1,3,3,4,4,3,1,5
1954010848,Basilekl,ElL,,Женский,45-54,3,4,4,5,3,4,3,4,3,5,3,4,3,4,3,5,3,5,3,4,4,4,4,4,3,4,3,5,3,3
461914245,PolinaSoboleva,Полина,,Женский,25-34,3,5,1,2,2,1,5,5,1,1,3,2,4,1,1,1,5,5,2,1,2,3,4,4,5,2,5,1,5,5
6728766184,nikolazx65,Николай,,Мужской,55+,4,2,4,2,5,4,4,2,5,3,4,4,4,4,3,4,3,3,3,2,4,3,3,3,3,4,4,4,3,1
7145333569,,Александр,,Мужской,55+,4,3,4,2,3,4,3,3,4,3,3,4,4,3,3,4,4,2,4,2,4,2,4,3,2,2,2,3,3,2
1867670696,magiksvetik,Svetlana,,Женский,55+,4,1,4,2,5,4,4,2,5,3,4,4,4,3,3,3,4,4,3,2,4,3,5,4,4,4,4,4,3,1
7090512499,,Alla,,Женский,55+,5,2,5,4,3,4,3,1,4,2,1,3,4,1,4,4,3,1,3,1,4,1,4,4,3,1,1,3,1,4
5011430010,Kusius,Анатолий,,Мужской,25-34,3,1,3,3,4,1,4,1,4,2,3,1,3,3,3,1,3,3,4,1,2,1,2,1,4,3,5,4,1,4
552166869,spn212,Сергей,,Мужской,35-44,4,4,5,3,3,3,5,2,1,3,1,5,4,3,1,3,3,3,4,3,5,4,5,5,5,4,3,4,5,4
5278282342,juliavolkowa,Юлия,,Женский,35-44,4,3,3,5,5,2,4,5,4,1,1,3,3,3,1,2,2,3,5,4,3,4,5,3,4,3,4,1,2,4
7312833583,,Екатерина,Плетюк,Женский,55+,5,5,4,5,5,4,4,5,5,5,5,4,3,5,4,5,4,5,4,5,3,5,4,3,3,5,4,5,3,4
715836684,anastasia220197,Анастасия,,Женский,25-34,4,4,4,5,4,3,2,5,2,5,4,4,3,3,5,3,1,5,1,2,5,2,5,2,3,3,2,1,3,5
